"","species","lat","lon","Pb"
"1","Pyrus bourgaeana",38.386954,-4.74574,1
"2","Pyrus bourgaeana",38.403234,-4.596691,1
"3","Pyrus bourgaeana",40.716386,-3.741596,1
"4","Pyrus bourgaeana",40.665053,-3.758225,1
"5","Pyrus bourgaeana",38.359392,-4.680645,1
"6","Pyrus bourgaeana",38.431762,-4.842367,1
"7","Pyrus bourgaeana",38.245865,-4.878208,1
"8","Pyrus bourgaeana",40.717812,-3.74213,1
"9","Pyrus bourgaeana",40.717387,-3.741662,1
"10","Pyrus bourgaeana",40.717712,-3.741932,1
"11","Pyrus bourgaeana",40.717368,-3.741852,1
"12","Pyrus bourgaeana",36.227955,-5.597008,1
"13","Pyrus bourgaeana",38.189161,-4.522366,1
"14","Pyrus bourgaeana",38.313675,-4.765337,1
"15","Pyrus bourgaeana",38.352624,-4.48231,1
"16","Pyrus bourgaeana",38.623906,-4.921531,1
"17","Pyrus bourgaeana",38.258376,-4.977814,1
"18","Pyrus bourgaeana",38.440855,-4.490706,1
"19","Pyrus bourgaeana",38.315261,-4.76959,1
"20","Pyrus bourgaeana",38.337438,-4.818187,1
"21","Pyrus bourgaeana",38.274502,-4.589177,1
"22","Pyrus bourgaeana",38.413355,-5.224728,1
"23","Pyrus bourgaeana",38.331133,-4.863564,1
"24","Pyrus bourgaeana",38.321646,-4.781779,1
"25","Pyrus bourgaeana",38.627672,-4.910031,1
"26","Pyrus bourgaeana",38.35191,-4.511603,1
"27","Pyrus bourgaeana",38.377036,-4.545726,1
"28","Pyrus bourgaeana",38.350528,-4.695203,1
"29","Pyrus bourgaeana",38.206243,-4.8301,1
"30","Pyrus bourgaeana",40.719582,-3.744037,1
"31","Pyrus bourgaeana",40.538688,-3.914023,1
"32","Pyrus bourgaeana",40.621098,-3.681352,1
"33","Pyrus bourgaeana",40.620973,-3.68156,1
"34","Pyrus bourgaeana",38.271054,-4.706168,1
"35","Pyrus bourgaeana",38.143545,-4.655632,1
"36","Pyrus bourgaeana",38.141294,-4.633107,1
"37","Pyrus bourgaeana",38.522097,-4.746229,1
"38","Pyrus bourgaeana",38.47098,-4.694821,1
"39","Pyrus bourgaeana",38.404603,-5.157045,1
"40","Pyrus bourgaeana",38.458408,-4.627666,1
"41","Pyrus bourgaeana",38.471218,-5.000646,1
"42","Pyrus bourgaeana",38.402438,-5.129348,1
"43","Pyrus bourgaeana",38.496197,-4.943635,1
"44","Pyrus bourgaeana",38.529946,-4.893852,1
"45","Pyrus bourgaeana",38.51162,-4.819838,1
"46","Pyrus bourgaeana",38.335712,-4.768169,1
"47","Pyrus bourgaeana",40.42148,-3.85585,1
"48","Pyrus bourgaeana",40.602538,-3.704489,1
"49","Pyrus bourgaeana",40.60235,-3.704371,1
"50","Pyrus bourgaeana",40.716323,-3.747387,1
"51","Pyrus bourgaeana",38.462762,-4.516101,1
"52","Pyrus bourgaeana",40.716345,-3.747347,1
"53","Pyrus bourgaeana",40.42149,-3.855805,1
"54","Pyrus bourgaeana",40.716448,-3.747015,1
"55","Pyrus bourgaeana",38.342288,-4.580651,1
"56","Pyrus bourgaeana",38.232834,-4.572779,1
"57","Pyrus bourgaeana",38.229077,-4.665556,1
"58","Pyrus bourgaeana",38.48105,-4.769433,1
"59","Pyrus bourgaeana",38.387251,-4.595438,1
"60","Pyrus bourgaeana",38.26896,-5.004133,1
"61","Pyrus bourgaeana",40.629662,-3.717113,1
"62","Pyrus bourgaeana",40.712917,-3.751531,1
"63","Pyrus bourgaeana",40.699286,-3.753381,1
"64","Pyrus bourgaeana",40.704581,-3.72673,1
"65","Pyrus bourgaeana",40.227447,-4.888752,1
"66","Pyrus bourgaeana",40.55232,-3.88195,1
"67","Pyrus bourgaeana",39.705246,-6.350761,1
"68","Pyrus bourgaeana",40.715785,-3.74196,1
"69","Pyrus bourgaeana",40.066746,-6.080697,1
"70","Pyrus bourgaeana",40.505112,-3.862129,1
"71","Pyrus bourgaeana",40.503487,-3.871694,1
"72","Pyrus bourgaeana",38.58756,-6.07089,1
"73","Pyrus bourgaeana",37.73583,-6.7225,1
"74","Pyrus bourgaeana",37.76063,-6.195792,1
"75","Pyrus bourgaeana",38.210565,-4.887124,1
"76","Pyrus bourgaeana",40.665423,-3.757585,1
"77","Pyrus bourgaeana",40.665519,-3.757437,1
"78","Pyrus bourgaeana",39.46,-5.33,1
"79","Pyrus bourgaeana",37.75,-4.93,1
"80","Pyrus bourgaeana",37.777273,-6.180936,1
"81","Pyrus bourgaeana",37.774263,-6.150893,1
"82","Pyrus bourgaeana",39.417463,-7.059347,1
"83","Pyrus bourgaeana",38.04,-6.33,1
"84","Pyrus bourgaeana",37.604414,-6.661403,1
"85","Pyrus bourgaeana",40.505207,-3.862109,1
"86","Pyrus bourgaeana",40.552285,-3.876153,1
"87","Pyrus bourgaeana",39.239,-6.563435,1
"88","Pyrus bourgaeana",39.239008,-6.563407,1
"89","Pyrus bourgaeana",39.281483,-6.520968,1
"90","Pyrus bourgaeana",39.123662,-6.669942,1
"91","Pyrus bourgaeana",36.69913,-4.58588,1
"92","Pyrus bourgaeana",38,-6.22,1
"93","Pyrus bourgaeana",38.88667,-5.87611,1
"94","Pyrus bourgaeana",40.505217,-3.861981,1
"95","Pyrus bourgaeana",40.406458,-3.843397,1
"96","Pyrus bourgaeana",40.431008,-3.855815,1
"97","Pyrus bourgaeana",38.63,-5.73,1
"98","Pyrus bourgaeana",38.04,-6.26,1
"99","Pyrus bourgaeana",37.26,-6.51,1
"100","Pyrus bourgaeana",38.4986,-3.8975,1
"101","Pyrus bourgaeana",37.72,-4.92,1
"102","Pyrus bourgaeana",37.97,-6,1
"103","Pyrus bourgaeana",38.47,-5.58,1
"104","Pyrus bourgaeana",36.4734,-5.2775,1
"106","Pyrus bourgaeana",39.884628,-4.070125,1
"107","Pyrus bourgaeana",41.39,-6.31,1
"108","Pyrus bourgaeana",37.6253,-6.644694,1
"109","Pyrus bourgaeana",37.625161,-6.63839,1
"110","Pyrus bourgaeana",37.612478,-6.568782,1
"111","Pyrus bourgaeana",37.53942,-7.203116,1
"112","Pyrus bourgaeana",37.328711,-7.354243,1
"113","Pyrus bourgaeana",37.694173,-7.220235,1
"114","Pyrus bourgaeana",37.69367,-7.261953,1
"115","Pyrus bourgaeana",37.496531,-6.589655,1
"116","Pyrus bourgaeana",37.503388,-6.675947,1
"117","Pyrus bourgaeana",37.647004,-6.263355,1
"118","Pyrus bourgaeana",37.527412,-6.74591,1
"119","Pyrus bourgaeana",37.365415,-7.236364,1
"120","Pyrus bourgaeana",36.461206,-6.043108,1
"121","Pyrus bourgaeana",37.388533,-6.98335,1
"122","Pyrus bourgaeana",37.406183,-6.983518,1
"123","Pyrus bourgaeana",37.568243,-7.103912,1
"124","Pyrus bourgaeana",37.449181,-6.821561,1
"125","Pyrus bourgaeana",37.452785,-6.840151,1
"126","Pyrus bourgaeana",37.442626,-6.911418,1
"127","Pyrus bourgaeana",37.431478,-6.826059,1
"128","Pyrus bourgaeana",37.71557,-7.238129,1
"129","Pyrus bourgaeana",37.558979,-7.005519,1
"130","Pyrus bourgaeana",37.547233,-7.048253,1
"131","Pyrus bourgaeana",37.559598,-7.023328,1
"132","Pyrus bourgaeana",37.39625,-6.916908,1
"133","Pyrus bourgaeana",36.503587,-5.857806,1
"134","Pyrus bourgaeana",36.497065,-5.844898,1
"135","Pyrus bourgaeana",38.41,-6.53,1
"136","Pyrus bourgaeana",38.87,-6.98,1
"137","Pyrus bourgaeana",38.87,-6.86,1
"138","Pyrus bourgaeana",36.952,-4.432,1
"139","Pyrus bourgaeana",37.388026,-7.303041,1
"140","Pyrus bourgaeana",37.406639,-6.917912,1
"141","Pyrus bourgaeana",37.421537,-6.911178,1
"142","Pyrus bourgaeana",37.498828,-6.921462,1
"143","Pyrus bourgaeana",37.496647,-6.876497,1
"144","Pyrus bourgaeana",37.531643,-6.807918,1
"145","Pyrus bourgaeana",37.53357,-6.80822,1
"146","Pyrus bourgaeana",37.521203,-6.77029,1
"147","Pyrus bourgaeana",37.550342,-6.861482,1
"148","Pyrus bourgaeana",36.945953,-4.430461,1
"149","Pyrus bourgaeana",38.211546,-3.270395,1
"150","Pyrus bourgaeana",38.6,-6.76,1
"151","Pyrus bourgaeana",40.02,-6.12,1
"152","Pyrus bourgaeana",39.5,-5.26,1
"153","Pyrus bourgaeana",38.95,-5.48,1
"154","Pyrus bourgaeana",38.375,-2.445,1
"155","Pyrus bourgaeana",37.397398,-7.267428,1
"156","Pyrus bourgaeana",37.386863,-7.36148,1
"157","Pyrus bourgaeana",37.381722,-7.409174,1
"158","Pyrus bourgaeana",37.394128,-7.417014,1
"159","Pyrus bourgaeana",37.370878,-7.397332,1
"160","Pyrus bourgaeana",37.45122,-7.454638,1
"161","Pyrus bourgaeana",37.475787,-7.454482,1
"162","Pyrus bourgaeana",37.520419,-7.327232,1
"163","Pyrus bourgaeana",37.708534,-7.409981,1
"164","Pyrus bourgaeana",36.959503,-4.480956,1
"165","Pyrus bourgaeana",37.464067,-7.455752,1
"166","Pyrus bourgaeana",37.468949,-7.447624,1
"167","Pyrus bourgaeana",37.700452,-7.438826,1
"168","Pyrus bourgaeana",38.125516,-3.316331,1
"169","Pyrus bourgaeana",38.12778,-3.298109,1
"170","Pyrus bourgaeana",39.68,-6.84,1
"171","Pyrus bourgaeana",38.96,-5.02,1
"172","Pyrus bourgaeana",37.358236,-7.288046,1
"173","Pyrus bourgaeana",37.670667,-7.444085,1
"174","Pyrus bourgaeana",37.405276,-7.172026,1
"175","Pyrus bourgaeana",37.636753,-7.447067,1
"176","Pyrus bourgaeana",37.635217,-6.135249,1
"177","Pyrus bourgaeana",37.485453,-7.456594,1
"178","Pyrus bourgaeana",37.783656,-6.02564,1
"179","Pyrus bourgaeana",37.80097,-6.206867,1
"180","Pyrus bourgaeana",37.794569,-6.202741,1
"181","Pyrus bourgaeana",37.770945,-6.163437,1
"182","Pyrus bourgaeana",37.875538,-6.149335,1
"183","Pyrus bourgaeana",37.838938,-6.128498,1
"184","Pyrus bourgaeana",37.783664,-6.025709,1
"185","Pyrus bourgaeana",37.685804,-6.797227,1
"186","Pyrus bourgaeana",37.65926,-6.810524,1
"187","Pyrus bourgaeana",37.809581,-6.778902,1
"188","Pyrus bourgaeana",37.786667,-6.757132,1
"189","Pyrus bourgaeana",37.801287,-6.682181,1
"190","Pyrus bourgaeana",37.871876,-6.790551,1
"191","Pyrus bourgaeana",37.795737,-5.978717,1
"192","Pyrus bourgaeana",37.772432,-5.924261,1
"193","Pyrus bourgaeana",37.775583,-5.903952,1
"194","Pyrus bourgaeana",37.774742,-5.934602,1
"195","Pyrus bourgaeana",37.757729,-5.941919,1
"196","Pyrus bourgaeana",37.762029,-5.950102,1
"197","Pyrus bourgaeana",37.72871,-6.098907,1
"198","Pyrus bourgaeana",37.734587,-6.090916,1
"199","Pyrus bourgaeana",37.718011,-6.121588,1
"200","Pyrus bourgaeana",37.73752,-6.118414,1
"201","Pyrus bourgaeana",37.752974,-6.126836,1
"202","Pyrus bourgaeana",37.749428,-6.137194,1
"203","Pyrus bourgaeana",37.65771,-6.096586,1
"204","Pyrus bourgaeana",37.772785,-6.112291,1
"205","Pyrus bourgaeana",37.763644,-6.071289,1
"206","Pyrus bourgaeana",37.732361,-6.070937,1
"207","Pyrus bourgaeana",37.763321,-5.979311,1
"208","Pyrus bourgaeana",37.771176,-5.955801,1
"209","Pyrus bourgaeana",37.751473,-5.980027,1
"210","Pyrus bourgaeana",37.684867,-6.036279,1
"211","Pyrus bourgaeana",37.435735,-7.122424,1
"212","Pyrus bourgaeana",37.740902,-6.599754,1
"213","Pyrus bourgaeana",38.056213,-4.289399,1
"214","Pyrus bourgaeana",37.293185,-7.077057,1
"215","Pyrus bourgaeana",37.438606,-7.121463,1
"216","Pyrus bourgaeana",37.781072,-5.943458,1
"217","Pyrus bourgaeana",37.785233,-5.935585,1
"218","Pyrus bourgaeana",37.789392,-5.942948,1
"219","Pyrus bourgaeana",37.732807,-5.77013,1
"220","Pyrus bourgaeana",37.741797,-5.772564,1
"221","Pyrus bourgaeana",37.738181,-5.770387,1
"222","Pyrus bourgaeana",37.763233,-5.776372,1
"223","Pyrus bourgaeana",37.764707,-6.002781,1
"224","Pyrus bourgaeana",37.764912,-6.00288,1
"225","Pyrus bourgaeana",37.782004,-6.012075,1
"226","Pyrus bourgaeana",37.786656,-6.012321,1
"227","Pyrus bourgaeana",37.788754,-6.009204,1
"228","Pyrus bourgaeana",37.789196,-5.998561,1
"229","Pyrus bourgaeana",37.782159,-5.978694,1
"230","Pyrus bourgaeana",37.78684,-5.793946,1
"231","Pyrus bourgaeana",37.844556,-5.210864,1
"232","Pyrus bourgaeana",37.85541,-5.197618,1
"233","Pyrus bourgaeana",37.839124,-5.153819,1
"234","Pyrus bourgaeana",37.90002,-5.086983,1
"235","Pyrus bourgaeana",37.919621,-5.100596,1
"236","Pyrus bourgaeana",37.872253,-5.086609,1
"237","Pyrus bourgaeana",37.839209,-5.077825,1
"238","Pyrus bourgaeana",38.125861,-5.837538,1
"239","Pyrus bourgaeana",38.04,-6.2,1
"240","Pyrus bourgaeana",38.15,-6.77,1
"241","Pyrus bourgaeana",38.370013,-4.347473,1
"242","Pyrus bourgaeana",38.464742,-4.651817,1
"243","Pyrus bourgaeana",38.523756,-4.662662,1
"244","Pyrus bourgaeana",38.499322,-5.003933,1
"245","Pyrus bourgaeana",38.529481,-4.899038,1
"246","Pyrus bourgaeana",39.76,-5.62,1
"247","Pyrus bourgaeana",39.85,-5.63,1
"248","Pyrus bourgaeana",39.05,-6.74,1
"250","Pyrus bourgaeana",38.338158,-2.93159,1
"251","Pyrus bourgaeana",37.799898,-6.435515,1
"252","Pyrus bourgaeana",37.78764,-6.407214,1
"253","Pyrus bourgaeana",38.329252,-4.435759,1
"254","Pyrus bourgaeana",38.329139,-4.455903,1
"255","Pyrus bourgaeana",38.312721,-4.552759,1
"256","Pyrus bourgaeana",38.380985,-4.507748,1
"257","Pyrus bourgaeana",37.738112,-5.277605,1
"258","Pyrus bourgaeana",38.080437,-5.638258,1
"259","Pyrus bourgaeana",37.73,-6.69,1
"260","Pyrus bourgaeana",38.463391,-2.894642,1
"261","Pyrus bourgaeana",38.291856,-3.00689,1
"262","Pyrus bourgaeana",37.665159,-6.195899,1
"263","Pyrus bourgaeana",37.658912,-6.383889,1
"264","Pyrus bourgaeana",38.056217,-5.737896,1
"265","Pyrus bourgaeana",38.070372,-5.772855,1
"266","Pyrus bourgaeana",37.666806,-6.316654,1
"267","Pyrus bourgaeana",37.667203,-6.316626,1
"268","Pyrus bourgaeana",37.664571,-6.325632,1
"269","Pyrus bourgaeana",37.65501,-6.32984,1
"270","Pyrus bourgaeana",37.652437,-6.320445,1
"271","Pyrus bourgaeana",37.664169,-6.268494,1
"272","Pyrus bourgaeana",37.656668,-6.411109,1
"273","Pyrus bourgaeana",37.635981,-6.298447,1
"274","Pyrus bourgaeana",38.423638,-5.173381,1
"275","Pyrus bourgaeana",39.4,-6.5,1
"276","Pyrus bourgaeana",37.59,-6.54,1
"277","Pyrus bourgaeana",37.76,-6.56,1
"278","Pyrus bourgaeana",38.475383,-2.857308,1
"279","Pyrus bourgaeana",37.151574,-6.362102,1
"280","Pyrus bourgaeana",37.141029,-6.403884,1
"281","Pyrus bourgaeana",37.615979,-6.67391,1
"282","Pyrus bourgaeana",37.619761,-6.669623,1
"283","Pyrus bourgaeana",37.626106,-6.665167,1
"284","Pyrus bourgaeana",37.620618,-6.663187,1
"285","Pyrus bourgaeana",37.472218,-7.04004,1
"286","Pyrus bourgaeana",37.46127,-7.035145,1
"287","Pyrus bourgaeana",37.469599,-7.09332,1
"288","Pyrus bourgaeana",37.477566,-7.17851,1
"289","Pyrus bourgaeana",37.486578,-7.076421,1
"290","Pyrus bourgaeana",37.491948,-7.064109,1
"291","Pyrus bourgaeana",37.462919,-6.978607,1
"292","Pyrus bourgaeana",37.67031,-6.438017,1
"293","Pyrus bourgaeana",37.497589,-7.007412,1
"294","Pyrus bourgaeana",36.853,-5.058,1
"295","Pyrus bourgaeana",37.427694,-7.272278,1
"296","Pyrus bourgaeana",37.718292,-6.517389,1
"297","Pyrus bourgaeana",36.916977,-5.890352,1
"298","Pyrus bourgaeana",37.4255,-7.232184,1
"299","Pyrus bourgaeana",37.50234,-7.20022,1
"300","Pyrus bourgaeana",37.672879,-6.296703,1
"301","Pyrus bourgaeana",37.691217,-6.474672,1
"302","Pyrus bourgaeana",37.716136,-6.456013,1
"303","Pyrus bourgaeana",37.529941,-6.98814,1
"304","Pyrus bourgaeana",37.594654,-6.144076,1
"305","Pyrus bourgaeana",36.877,-4.655,1
"306","Pyrus bourgaeana",37.533961,-7.113715,1
"307","Pyrus bourgaeana",38.144081,-4.527054,1
"308","Pyrus bourgaeana",37.152251,-6.40934,1
"309","Pyrus bourgaeana",38.136972,-4.596073,1
"310","Pyrus bourgaeana",37.88,-6.78,1
"311","Pyrus bourgaeana",37.761488,-5.373521,1
"312","Pyrus bourgaeana",38.009737,-4.91403,1
"313","Pyrus bourgaeana",37.765811,-5.385691,1
"314","Pyrus bourgaeana",37.142914,-6.453894,1
"315","Pyrus bourgaeana",38.28268,-3.468222,1
"316","Pyrus bourgaeana",38.337548,-5.479956,1
"317","Pyrus bourgaeana",38.355081,-5.125407,1
"318","Pyrus bourgaeana",38.345507,-5.110654,1
"319","Pyrus bourgaeana",38.456151,-5.527968,1
"320","Pyrus bourgaeana",38.699445,-5.065719,1
"321","Pyrus bourgaeana",37.821669,-5.49026,1
"322","Pyrus bourgaeana",37.693393,-5.577986,1
"323","Pyrus bourgaeana",37.121952,-6.430213,1
"324","Pyrus bourgaeana",38.702728,-5.136796,1
"325","Pyrus bourgaeana",37.121035,-6.438543,1
"326","Pyrus bourgaeana",37.124328,-6.43652,1
"327","Pyrus bourgaeana",37.135586,-6.432945,1
"328","Pyrus bourgaeana",38.44373,-3.368845,1
"329","Pyrus bourgaeana",38.266291,-4.673593,1
"330","Pyrus bourgaeana",38.075931,-4.942395,1
"331","Pyrus bourgaeana",37.855411,-5.552265,1
"332","Pyrus bourgaeana",38.18197,-4.732001,1
"333","Pyrus bourgaeana",38.109708,-3.967953,1
"334","Pyrus bourgaeana",37.778,-2.109,1
"335","Pyrus bourgaeana",37.887528,-6.84698,1
"336","Pyrus bourgaeana",37.705783,-5.624917,1
"337","Pyrus bourgaeana",37.735652,-5.696862,1
"338","Pyrus bourgaeana",37.775084,-5.767507,1
"339","Pyrus bourgaeana",36.983051,-6.440676,1
"340","Pyrus bourgaeana",37.774333,-5.766491,1
"341","Pyrus bourgaeana",38.244824,-4.576739,1
"342","Pyrus bourgaeana",40.3,-6.23,1
"343","Pyrus bourgaeana",37.845262,-6.75697,1
"344","Pyrus bourgaeana",37.790194,-6.778946,1
"345","Pyrus bourgaeana",37.800691,-6.854432,1
"346","Pyrus bourgaeana",37.770129,-6.859039,1
"347","Pyrus bourgaeana",37.816579,-6.072255,1
"348","Pyrus bourgaeana",37.739291,-5.903531,1
"349","Pyrus bourgaeana",37.803562,-6.691525,1
"350","Pyrus bourgaeana",37.809194,-6.706952,1
"351","Pyrus bourgaeana",37.793808,-6.668687,1
"352","Pyrus bourgaeana",37.776978,-6.682892,1
"353","Pyrus bourgaeana",37.781375,-6.704699,1
"354","Pyrus bourgaeana",37.772274,-6.04252,1
"355","Pyrus bourgaeana",37.778704,-6.710252,1
"356","Pyrus bourgaeana",37.775838,-6.71088,1
"357","Pyrus bourgaeana",37.765323,-6.888201,1
"358","Pyrus bourgaeana",37.746947,-5.930576,1
"359","Pyrus bourgaeana",37.639224,-5.988565,1
"360","Pyrus bourgaeana",37.765462,-6.007091,1
"361","Pyrus bourgaeana",37.759511,-6.050713,1
"362","Pyrus bourgaeana",37.759253,-6.664005,1
"363","Pyrus bourgaeana",37.756366,-6.658348,1
"364","Pyrus bourgaeana",37.759914,-6.666489,1
"365","Pyrus bourgaeana",37.757191,-6.667171,1
"366","Pyrus bourgaeana",37.782976,-6.730714,1
"367","Pyrus bourgaeana",37.783231,-6.732066,1
"368","Pyrus bourgaeana",37.788153,-6.695684,1
"369","Pyrus bourgaeana",37.756075,-6.731086,1
"370","Pyrus bourgaeana",37.761603,-6.723206,1
"371","Pyrus bourgaeana",37.747442,-6.617122,1
"372","Pyrus bourgaeana",37.733442,-6.630018,1
"373","Pyrus bourgaeana",37.744659,-6.696298,1
"374","Pyrus bourgaeana",37.72406,-6.742691,1
"375","Pyrus bourgaeana",37.754902,-6.88871,1
"376","Pyrus bourgaeana",37.749975,-6.839011,1
"377","Pyrus bourgaeana",37.748691,-6.792749,1
"378","Pyrus bourgaeana",37.734672,-7.06446,1
"379","Pyrus bourgaeana",37.778077,-6.748809,1
"380","Pyrus bourgaeana",37.783234,-6.781644,1
"381","Pyrus bourgaeana",37.694485,-6.7735,1
"382","Pyrus bourgaeana",37.678956,-6.755394,1
"383","Pyrus bourgaeana",37.664215,-6.767932,1
"384","Pyrus bourgaeana",37.681589,-6.760424,1
"385","Pyrus bourgaeana",37.634748,-6.712602,1
"386","Pyrus bourgaeana",37.609122,-6.746962,1
"387","Pyrus bourgaeana",37.619693,-6.755308,1
"388","Pyrus bourgaeana",37.673713,-6.788076,1
"389","Pyrus bourgaeana",37.727043,-6.953301,1
"390","Pyrus bourgaeana",37.728698,-6.966499,1
"391","Pyrus bourgaeana",37.711736,-6.993441,1
"392","Pyrus bourgaeana",37.708627,-6.998818,1
"393","Pyrus bourgaeana",37.708167,-6.996163,1
"394","Pyrus bourgaeana",37.771933,-7.006485,1
"395","Pyrus bourgaeana",37.748323,-6.979425,1
"396","Pyrus bourgaeana",37.742206,-7.016858,1
"397","Pyrus bourgaeana",37.748875,-6.997435,1
"398","Pyrus bourgaeana",37.754961,-6.998035,1
"399","Pyrus bourgaeana",37.7397,-7.08108,1
"400","Pyrus bourgaeana",37.746638,-7.070605,1
"401","Pyrus bourgaeana",37.773789,-7.07963,1
"402","Pyrus bourgaeana",37.775004,-7.079924,1
"403","Pyrus bourgaeana",37.731802,-7.070643,1
"404","Pyrus bourgaeana",37.727048,-7.031564,1
"405","Pyrus bourgaeana",37.699384,-6.97142,1
"406","Pyrus bourgaeana",37.712327,-7.022136,1
"407","Pyrus bourgaeana",37.6182,-6.786218,1
"408","Pyrus bourgaeana",37.682893,-6.728174,1
"409","Pyrus bourgaeana",37.755667,-6.952863,1
"410","Pyrus bourgaeana",37.703924,-6.127211,1
"411","Pyrus bourgaeana",37.752393,-7.095039,1
"412","Pyrus bourgaeana",37.78276,-7.103752,1
"413","Pyrus bourgaeana",37.810782,-7.046756,1
"414","Pyrus bourgaeana",37.943266,-7.055806,1
"415","Pyrus bourgaeana",37.94945,-6.974998,1
"416","Pyrus bourgaeana",37.963463,-6.999748,1
"417","Pyrus bourgaeana",37.738054,-6.184374,1
"418","Pyrus bourgaeana",37.73883,-6.202265,1
"419","Pyrus bourgaeana",37.127921,-6.430055,1
"420","Pyrus bourgaeana",37.754742,-6.13659,1
"421","Pyrus bourgaeana",37.221873,-6.64497,1
"422","Pyrus bourgaeana",38.381435,-3.773244,1
"423","Pyrus bourgaeana",37.198364,-6.561669,1
"424","Pyrus bourgaeana",38.359286,-3.651102,1
"425","Pyrus bourgaeana",38.265914,-5.072723,1
"426","Pyrus bourgaeana",38.13945,-5.283729,1
"427","Pyrus bourgaeana",38.282701,-5.157717,1
"428","Pyrus bourgaeana",38.321313,-3.526413,1
"429","Pyrus bourgaeana",38.216931,-3.744623,1
"430","Pyrus bourgaeana",38.211925,-5.021749,1
"431","Pyrus bourgaeana",38.231204,-5.002564,1
"432","Pyrus bourgaeana",38.235299,-5.013941,1
"433","Pyrus bourgaeana",37.680781,-5.600373,1
"434","Pyrus bourgaeana",37.680754,-5.600372,1
"435","Pyrus bourgaeana",37.133032,-6.497736,1
"436","Pyrus bourgaeana",37.130575,-6.502833,1
"437","Pyrus bourgaeana",38.262454,-5.299552,1
"438","Pyrus bourgaeana",38.261623,-4.949215,1
"439","Pyrus bourgaeana",38.271187,-4.976526,1
"440","Pyrus bourgaeana",38.279424,-4.98929,1
"441","Pyrus bourgaeana",38.161337,-5.131297,1
"442","Pyrus bourgaeana",38.161298,-5.131445,1
"443","Pyrus bourgaeana",38.209118,-4.883869,1
"444","Pyrus bourgaeana",38.232517,-4.963266,1
"445","Pyrus bourgaeana",37.129054,-6.496687,1
"446","Pyrus bourgaeana",38.2024,-4.858149,1
"447","Pyrus bourgaeana",38.226708,-4.834378,1
"448","Pyrus bourgaeana",38.141508,-4.909902,1
"449","Pyrus bourgaeana",38.22399,-5.151595,1
"450","Pyrus bourgaeana",36.479,-5.272,1
"451","Pyrus bourgaeana",37.809021,-5.518502,1
"452","Pyrus bourgaeana",36.982875,-5.480988,1
"453","Pyrus bourgaeana",40.11,-4.71,1
"454","Pyrus bourgaeana",38.157908,-3.992085,1
"455","Pyrus bourgaeana",38.203108,-3.904572,1
"456","Pyrus bourgaeana",38.206219,-3.896159,1
"457","Pyrus bourgaeana",38.178206,-3.905886,1
"458","Pyrus bourgaeana",38.183094,-3.89261,1
"459","Pyrus bourgaeana",38.359274,-4.223917,1
"460","Pyrus bourgaeana",38.314471,-4.133819,1
"461","Pyrus bourgaeana",38.333725,-4.126807,1
"462","Pyrus bourgaeana",40.39,-3.89,1
"463","Pyrus bourgaeana",38.20131,-3.839817,1
"464","Pyrus bourgaeana",38.195222,-3.835362,1
"465","Pyrus bourgaeana",38.172131,-3.853102,1
"466","Pyrus bourgaeana",38.151728,-3.88465,1
"467","Pyrus bourgaeana",37.534316,-7.160526,1
"468","Pyrus bourgaeana",38.170717,-3.971242,1
"469","Pyrus bourgaeana",38.363313,-4.175225,1
"470","Pyrus bourgaeana",38.152371,-3.853774,1
"471","Pyrus bourgaeana",38.152117,-3.853988,1
"472","Pyrus bourgaeana",36.759,-5.235,1
"473","Pyrus bourgaeana",38.129378,-4.019174,1
"474","Pyrus bourgaeana",37.247333,-7.077129,1
"475","Pyrus bourgaeana",37.248651,-7.07729,1
"476","Pyrus bourgaeana",37.905463,-4.979966,1
"477","Pyrus bourgaeana",37.901962,-4.926408,1
"478","Pyrus bourgaeana",37.896518,-4.947327,1
"479","Pyrus bourgaeana",37.899846,-4.959674,1
"480","Pyrus bourgaeana",37.91062,-4.945219,1
"481","Pyrus bourgaeana",38.279345,-3.954278,1
"482","Pyrus bourgaeana",38.4833,-3.8611,1
"483","Pyrus bourgaeana",38.49,-3.85,1
"484","Pyrus bourgaeana",38.29181,-4.060077,1
"485","Pyrus bourgaeana",38.322529,-4.075304,1
"486","Pyrus bourgaeana",38.321641,-4.077807,1
"487","Pyrus bourgaeana",38.32164,-4.077865,1
"488","Pyrus bourgaeana",38.32342,-4.078349,1
"489","Pyrus bourgaeana",38.313478,-4.057807,1
"490","Pyrus bourgaeana",38.329674,-4.06851,1
"491","Pyrus bourgaeana",38.75,-3.94,1
"492","Pyrus bourgaeana",39.14,-6.85,1
"493","Pyrus bourgaeana",38.356113,-3.843408,1
"494","Pyrus bourgaeana",38.361045,-4.016778,1
"495","Pyrus bourgaeana",38.372584,-4.037991,1
"496","Pyrus bourgaeana",38.238459,-4.057041,1
"497","Pyrus bourgaeana",38.47,-3.88,1
"498","Pyrus bourgaeana",38.51,-6.76,1
"499","Pyrus bourgaeana",39.35,-7.1167,1
"500","Pyrus bourgaeana",38,-6.75,1
"501","Pyrus bourgaeana",39.03,-6.05,1
"502","Pyrus bourgaeana",38.6418,-5.4141,1
"503","Pyrus bourgaeana",37.929076,-7.080645,1
"504","Pyrus bourgaeana",36.63549,-4.90721,1
"505","Pyrus bourgaeana",37.862793,-6.914671,1
"506","Pyrus bourgaeana",40.687,-4,1
"507","Pyrus bourgaeana",36.041906,-5.566722,1
"508","Pyrus bourgaeana",37.866666,-7.168954,1
"509","Pyrus bourgaeana",37.859113,-7.148715,1
"510","Pyrus bourgaeana",40.687,-4.047,1
"511","Pyrus bourgaeana",38.025513,-4.573351,1
"512","Pyrus bourgaeana",38.035917,-4.593787,1
"513","Pyrus bourgaeana",38.83,-3.9,1
"514","Pyrus bourgaeana",38.78,-6.87,1
"515","Pyrus bourgaeana",38.324114,-4.260952,1
"516","Pyrus bourgaeana",38.325262,-4.264759,1
"517","Pyrus bourgaeana",38.328967,-4.268884,1
"518","Pyrus bourgaeana",38.315033,-4.249654,1
"519","Pyrus bourgaeana",38.070446,-6.738104,1
"520","Pyrus bourgaeana",37.913002,-6.789012,1
"521","Pyrus bourgaeana",38.087534,-6.947816,1
"522","Pyrus bourgaeana",38.534202,-4.386292,1
"523","Pyrus bourgaeana",38.438081,-4.320331,1
"524","Pyrus bourgaeana",37.991641,-6.920037,1
"525","Pyrus bourgaeana",37.874291,-6.649244,1
"526","Pyrus bourgaeana",37.894275,-6.783686,1
"527","Pyrus bourgaeana",38.003938,-6.654221,1
"528","Pyrus bourgaeana",37.853695,-6.647591,1
"529","Pyrus bourgaeana",37.996152,-6.617065,1
"530","Pyrus bourgaeana",37.970851,-6.727649,1
"531","Pyrus bourgaeana",38.033034,-6.37579,1
"532","Pyrus bourgaeana",38.6098,-4.6666,1
"533","Pyrus bourgaeana",38.33,-6.76,1
"534","Pyrus bourgaeana",37.813524,-6.33576,1
"535","Pyrus bourgaeana",37.774371,-6.343011,1
"536","Pyrus bourgaeana",38.014054,-6.377594,1
"537","Pyrus bourgaeana",38.018313,-6.373918,1
"538","Pyrus bourgaeana",37.908477,-5.822775,1
"539","Pyrus bourgaeana",38.4899,-4.1479,1
"540","Pyrus bourgaeana",37.944465,-6.312505,1
"541","Pyrus bourgaeana",37.970561,-6.376885,1
"542","Pyrus bourgaeana",37.954605,-6.372194,1
"543","Pyrus bourgaeana",37.895493,-6.282181,1
"544","Pyrus bourgaeana",37.807033,-5.830151,1
"545","Pyrus bourgaeana",37.947907,-6.278074,1
"546","Pyrus bourgaeana",37.901381,-6.429793,1
"547","Pyrus bourgaeana",37.839741,-6.133542,1
"548","Pyrus bourgaeana",37.843507,-6.180215,1
"549","Pyrus bourgaeana",37.973888,-5.876101,1
"550","Pyrus bourgaeana",37.964965,-6.04512,1
"551","Pyrus bourgaeana",37.965912,-6.014681,1
"552","Pyrus bourgaeana",36.93,-4.78,1
"553","Pyrus bourgaeana",37.917601,-6.62954,1
"554","Pyrus bourgaeana",37.885394,-6.430574,1
"555","Pyrus bourgaeana",37.896291,-6.435037,1
"556","Pyrus bourgaeana",37.840339,-5.443859,1
"557","Pyrus bourgaeana",37.84,-5.24,1
"558","Pyrus bourgaeana",37.826183,-5.544646,1
"559","Pyrus bourgaeana",37.991383,-5.556868,1
"560","Pyrus bourgaeana",38.056248,-5.776504,1
"561","Pyrus bourgaeana",40.2243,-4.541,1
"562","Pyrus bourgaeana",41.8718,-6.0371,1
"563","Pyrus bourgaeana",36.14,-5.58,1
"564","Pyrus bourgaeana",38.11497,-5.853447,1
"565","Pyrus bourgaeana",41.9374,-6.5286,1
"566","Pyrus bourgaeana",36.273884,-5.297596,1
"567","Pyrus bourgaeana",37.927433,-4.954627,1
"568","Pyrus bourgaeana",37.927405,-4.954672,1
"569","Pyrus bourgaeana",40.3623,-4.3086,1
"570","Pyrus bourgaeana",37.157,-5.157,1
"571","Pyrus bourgaeana",37.7153,-7.0599,1
"574","Pyrus bourgaeana",39.1007,-4.9672,1
"575","Pyrus bourgaeana",37.899607,-5.295606,1
"576","Pyrus bourgaeana",37.881317,-5.276415,1
"577","Pyrus bourgaeana",38.1483,-4.0512,1
"578","Pyrus bourgaeana",36.8,-5.41,1
"579","Pyrus bourgaeana",37.909165,-5.298075,1
"580","Pyrus bourgaeana",38.5,-2.52,1
"581","Pyrus bourgaeana",36.79,-5.4,1
"582","Pyrus bourgaeana",38.37,-4.63,1
"583","Pyrus bourgaeana",40.77,-3.37,1
"584","Pyrus bourgaeana",40.771999,-3.373,1
"585","Pyrus bourgaeana",37.918306,-5.040076,1
"586","Pyrus bourgaeana",37.920552,-5.258628,1
"587","Pyrus bourgaeana",37.862187,-5.20581,1
"588","Pyrus bourgaeana",37.88733,-5.201875,1
"590","Pyrus bourgaeana",40.7655,-3.3804,1
"592","Pyrus bourgaeana",38.62,-4.09,1
"593","Pyrus bourgaeana",37.97695,-5.396359,1
"594","Pyrus bourgaeana",37.968876,-5.404292,1
"595","Pyrus bourgaeana",37.908314,-5.382132,1
"596","Pyrus bourgaeana",37.895981,-5.009347,1
"597","Pyrus bourgaeana",37.923737,-5.02984,1
"598","Pyrus bourgaeana",38.61,-4.11,1
"599","Pyrus bourgaeana",38.17,-3.8,1
"600","Pyrus bourgaeana",39.02,-4.42,1
"601","Pyrus bourgaeana",36.518,-5.596,1
"602","Pyrus bourgaeana",38.41,-4.5,1
"603","Pyrus bourgaeana",36.951927,-4.542538,1
"604","Pyrus bourgaeana",38.69,-5.13,1
"605","Pyrus bourgaeana",38.43,-5,1
"606","Pyrus bourgaeana",38.51,-5.47,1
"607","Pyrus bourgaeana",38.61,-4.9,1
"610","Pyrus bourgaeana",36.518,-5.608,1
"611","Pyrus bourgaeana",38.23,-4.3,1
"612","Pyrus bourgaeana",38.23,-4.98,1
"613","Pyrus bourgaeana",38.05,-4.41,1
"614","Pyrus bourgaeana",38.44,-4.2,1
"615","Pyrus bourgaeana",37.8098,-3.4102,1
"616","Pyrus bourgaeana",38.15,-5.34,1
"617","Pyrus bourgaeana",37.004307,-6.432102,1
"618","Pyrus bourgaeana",36.16,-5.5,1
"619","Pyrus bourgaeana",37.69,-5.89,1
"620","Pyrus bourgaeana",40.029999,-6.01,1
"622","Pyrus bourgaeana",38.7,-6.1,1
"623","Pyrus bourgaeana",38.5,-6.7,1
"624","Pyrus bourgaeana",38.3,-6.8,1
"625","Pyrus bourgaeana",38.4,-6.5,1
"626","Pyrus bourgaeana",38.4,-6.6,1
"627","Pyrus bourgaeana",38.5,-6.6,1
"628","Pyrus bourgaeana",39.4,-6.8,1
"629","Pyrus bourgaeana",38.6,-5.4,1
"630","Pyrus bourgaeana",42.970001,-6.92,1
"631","Pyrus bourgaeana",36.799999,-5.4,1
"633","Pyrus bourgaeana",40.119999,-6.61,1
"634","Pyrus bourgaeana",40.27,-7,1
"635","Pyrus bourgaeana",40.209999,-6.85,1
"636","Pyrus bourgaeana",40.060001,-5.77,1
"637","Pyrus bourgaeana",40.630001,-6.07,1
"638","Pyrus bourgaeana",38.619999,-4.13,1
"639","Pyrus bourgaeana",38.599998,-4.02,1
"640","Pyrus bourgaeana",38.450001,-4.28,1
"641","Pyrus bourgaeana",37.706,-6.34,1
"642","Pyrus bourgaeana",40.77,-3.38,1
"643","Pyrus bourgaeana",38.6087921901123,-2.74115844662118,1
"644","Pyrus bourgaeana",38.2587766183864,-3.63116949619607,1
"645","Pyrus bourgaeana",38.3487793881359,-3.52116891918704,1
"646","Pyrus bourgaeana",38.3487735018907,-4.09117960974757,1
"647","Pyrus bourgaeana",38.2587731116605,-3.97117586816051,1
"650","Pyrus bourgaeana",38.3687734509213,-4.13118069085247,1
"652","Pyrus bourgaeana",38.2587707323818,-4.20118016022659,1
"653","Pyrus bourgaeana",38.3487900356891,-2.48114918120336,1
"654","Pyrus bourgaeana",36.6187313809849,-5.29117358347819,1
"655","Pyrus bourgaeana",36.5187263844197,-5.62117795110898,1
"657","Pyrus bourgaeana",36.6987238362998,-6.15119028254355,1
"658","Pyrus bourgaeana",36.1687231586018,-5.39116835810115,1
"659","Pyrus bourgaeana",36.7887282929503,-5.86118653272964,1
"661","Pyrus bourgaeana",36.0687193487737,-5.61117075567339,1
"662","Pyrus bourgaeana",36.4287249404801,-5.62117653756571,1
"663","Pyrus bourgaeana",36.3387212530994,-5.84117906603324,1
"664","Pyrus bourgaeana",36.1587218810372,-5.50117017768633,1
"667","Pyrus bourgaeana",37.5287273374419,-7.13122118386162,1
"668","Pyrus bourgaeana",37.8787370156827,-6.78122082630495,1
"669","Pyrus bourgaeana",37.878739337854,-6.56121689811003,1
"670","Pyrus bourgaeana",37.148727894734,-6.47120322802897,1
"671","Pyrus bourgaeana",37.3287321535186,-6.35120402617808,1
"672","Pyrus bourgaeana",37.8687404290309,-6.44121458185719,1
"673","Pyrus bourgaeana",37.8687415868749,-6.33121260874803,1
"674","Pyrus bourgaeana",37.8787381773597,-6.67121886398444,1
"676","Pyrus bourgaeana",37.9687385768608,-6.78122234278801,1
"677","Pyrus bourgaeana",37.6887384790222,-6.33120960657244,1
"678","Pyrus bourgaeana",37.9587455733211,-6.10120997799,1
"681","Pyrus bourgaeana",37.0687385856053,-5.31118109845279,1
"682","Pyrus bourgaeana",37.418738573305,-5.88119706808507,1
"683","Pyrus bourgaeana",37.508736450376,-6.23120483547343,1
"684","Pyrus bourgaeana",38.0687591251422,-4.99119161020144,1
"686","Pyrus bourgaeana",38.3387662532205,-4.77119207541042,1
"687","Pyrus bourgaeana",38.4287654785038,-5.0011978378619,1
"688","Pyrus bourgaeana",37.7887530515681,-5.10118898568434,1
"689","Pyrus bourgaeana",39.1587871877283,-4.22119581162393,1
"690","Pyrus bourgaeana",39.5987919358508,-4.57121007713607,1
"692","Pyrus bourgaeana",40.0287836214125,-6.13124678705385,1
"693","Pyrus bourgaeana",39.6787729462697,-6.49124700421347,1
"694","Pyrus bourgaeana",40.1287792863184,-6.71125924083535,1
"696","Pyrus bourgaeana",40.2087859704502,-6.24125211733173,1
"697","Pyrus bourgaeana",40.0387787219379,-6.60125557601686,1
"698","Pyrus bourgaeana",40.1287817884779,-6.48125504175738,1
"701","Pyrus bourgaeana",40.3087876249201,-6.27125451928359,1
"702","Pyrus bourgaeana",39.4487698536544,-6.37124068094022,1
"703","Pyrus bourgaeana",39.6787823041651,-5.62123104941333,1
"704","Pyrus bourgaeana",39.4987706953759,-6.38124175877203,1
"706","Pyrus bourgaeana",39.6787834815434,-5.51122901603211,1
"708","Pyrus bourgaeana",39.4087652189618,-6.73124649707542,1
"709","Pyrus bourgaeana",40.0287877230802,-5.75123978092709,1
"710","Pyrus bourgaeana",41.5588155506071,-6.06127442192372,1
"711","Pyrus bourgaeana",41.5588142270602,-6.18127666327671,1
"712","Pyrus bourgaeana",41.4788217603107,-5.34125933163198,1
"713","Pyrus bourgaeana",41.5588181927461,-5.82126992580814,1
"714","Pyrus bourgaeana",41.8688221558645,-6.06128052036249,1
"715","Pyrus bourgaeana",41.8688227090083,-6.01127958196274,1
"716","Pyrus bourgaeana",39.1387758493725,-5.26121484030272,1
"717","Pyrus bourgaeana",39.2287788180183,-5.14121419403714,1
"720","Pyrus bourgaeana",38.6187784438466,-4.09118414446321,1
"721","Pyrus bourgaeana",40.058826686513,-2.12117124096525,1
"727","Pyrus bourgaeana",37.0587264045759,-6.47120176627885,1
"728","Pyrus bourgaeana",40.5088172353965,-3.89121353652068,1
"729","Pyrus bourgaeana",37.8687440039536,-6.10120847175517,1
"730","Pyrus bourgaeana",41.4988365100419,-4.02123449738067,1
"731","Pyrus bourgaeana",38.2787723361905,-4.08117825564983,1
"732","Pyrus bourgaeana",38.3687915229493,-2.37114740421937,1
"733","Pyrus bourgaeana",39.0187825516277,-4.41119695601717,1
"735","Pyrus bourgaeana",39.3487892327775,-4.37120193036208,1
"736","Pyrus bourgaeana",38.3987914653069,-2.43114904592361,1
"737","Pyrus bourgaeana",36.888734569141,-5.41118002922987,1
"738","Pyrus bourgaeana",36.6187302546374,-5.40117556830648,1
"739","Pyrus bourgaeana",39.4287899241201,-4.45120483186026,1
"741","Pyrus bourgaeana",36.7487341157363,-5.23117455111394,1
"742","Pyrus bourgaeana",40.0687996595592,-4.71122110757705,1
"743","Pyrus bourgaeana",40.0087986848706,-4.69121964902605,1
"744","Pyrus bourgaeana",40.038799278377,-4.69122018981769,1
"745","Pyrus bourgaeana",40.0988004681281,-4.69122127346871,1
"746","Pyrus bourgaeana",39.848783021283,-5.86123854105616,1
"747","Pyrus bourgaeana",38.3287450105244,-6.77122828701379,1
"748","Pyrus bourgaeana",38.4187503330917,-6.42122354498527,1
"749","Pyrus bourgaeana",37.8687485086861,-5.67120069620103,1
"751","Pyrus bourgaeana",39.8587777136124,-6.37124808242541,1
"753","Pyrus bourgaeana",38.4387751409916,-4.09118111571051,1
"754","Pyrus bourgaeana",38.0787687370919,-4.08117493887107,1
"755","Pyrus bourgaeana",37.7287421028361,-6.0512052395752,1
"756","Pyrus bourgaeana",38.0487459926776,-6.21121347349123,1
"757","Pyrus bourgaeana",38.6887677004676,-5.24120668501583,1
"758","Pyrus bourgaeana",38.1687703516645,-4.08117642805049,1
"759","Pyrus bourgaeana",39.0487570959221,-6.86124243320159,1
"760","Pyrus bourgaeana",40.158798026156,-5.0312287464325,1
"761","Pyrus bourgaeana",40.8487952041049,-6.57127018554825,1
"762","Pyrus bourgaeana",38.4487734550033,-4.2711846435178,1
"763","Pyrus bourgaeana",38.4287740248408,-4.18118262900229,1
"764","Pyrus bourgaeana",38.3987721286694,-4.31118454937018,1
"765","Pyrus bourgaeana",38.9787862963686,-3.98118820175035,1
"766","Pyrus bourgaeana",38.9287906590322,-3.47117771678118,1
"768","Pyrus bourgaeana",39.1587884449298,-4.10119355560299,1
"769","Pyrus bourgaeana",38.978782638358,-4.33119477082404,1
"770","Pyrus bourgaeana",38.4887755361689,-4.14118288941391,1
"771","Pyrus bourgaeana",38.5287826885858,-3.52117191860032,1
"772","Pyrus bourgaeana",38.4787781521232,-3.87117766641652,1
"773","Pyrus bourgaeana",38.4887785424999,-3.85117745868674,1
"774","Pyrus bourgaeana",39.2487938197998,-3.75118850379286,1
"775","Pyrus bourgaeana",39.3387990934045,-3.41118360170115,1
"779","Pyrus bourgaeana",38.4287789939992,-3.70117363786151,1
"780","Pyrus bourgaeana",38.4987800708311,-3.72117518390747,1
"782","Pyrus bourgaeana",38.7487825143219,-3.9311833429774,1
"783","Pyrus bourgaeana",38.528775645578,-4.20118468331964,1
"784","Pyrus bourgaeana",39.5087877626582,-4.80121279265413,1
"785","Pyrus bourgaeana",38.7387827440943,-3.89118242169257,1
"787","Pyrus bourgaeana",39.0687855891968,-4.2111940702372,1
"788","Pyrus bourgaeana",38.6087722130183,-4.6711947860001,1
"789","Pyrus bourgaeana",40.5787896351178,-6.58126525770392,1
"790","Pyrus bourgaeana",40.6687927604333,-6.46126474940855,1
"791","Pyrus bourgaeana",40.3987860368535,-6.5812618828548,1
"792","Pyrus bourgaeana",40.4887979486679,-5.65124639006687,1
"793","Pyrus bourgaeana",41.3888160314883,-5.69126418646692,1
"794","Pyrus bourgaeana",42.0188189372162,-6.64129434734582,1
"795","Pyrus bourgaeana",41.8688223771568,-6.0412801450963,1
"796","Pyrus bourgaeana",41.8688225984027,-6.02127976970516,1
"797","Pyrus bourgaeana",41.8588224943479,-6.01127938404236,1
"798","Pyrus bourgaeana",41.8488217267834,-6.06128012440162,1
"803","Pyrus bourgaeana",41.2988060130626,-6.43127624777844,1
"804","Pyrus bourgaeana",41.8288238388943,-5.83127540760315,1
"805","Pyrus bourgaeana",41.748814381686,-6.53128692092879,1
"806","Pyrus bourgaeana",41.588815634086,-6.11127594322038,1
"807","Pyrus bourgaeana",36.230917,-5.590379,1
"808","Pyrus bourgaeana",39.54,-6.55,1
"809","Pyrus bourgaeana",39.46,-4.85,1
"810","Pyrus bourgaeana",39.37,-5.08,1
"811","Pyrus bourgaeana",40.18,-5.11,1
"812","Pyrus bourgaeana",36.47,-5.67,1
"813","Pyrus bourgaeana",36.2,-5.66,1
"814","Pyrus bourgaeana",37.2,-6.52,1
"815","Pyrus bourgaeana",37.47,-6.62,1
"816","Pyrus bourgaeana",37.48,-7.07,1
"817","Pyrus bourgaeana",37.38,-6.62,1
"818","Pyrus bourgaeana",39.65,-2.06,1
"819","Pyrus bourgaeana",40,-4.75,1
"822","Pyrus bourgaeana",39.89,-5.92,1
"824","Pyrus bourgaeana",38.3,-8.19,1
"825","Pyrus bourgaeana",39.38,-8.88,1
"828","Pyrus bourgaeana",38.66,-9,1
"829","Pyrus bourgaeana",38.57,-8.19,1
"831","Pyrus bourgaeana",37.22,-8.66,1
"832","Pyrus bourgaeana",38.3,-4.37,1
"833","Pyrus bourgaeana",38.11,-4.36,1
"834","Pyrus bourgaeana",38.02,-4.36,1
"837","Pyrus bourgaeana",38.03,-4.25,1
"843","Pyrus bourgaeana",37.93,-4.36,1
"845","Pyrus bourgaeana",38.3,-3.68,1
"846","Pyrus bourgaeana",38.56,-4.6,1
"847","Pyrus bourgaeana",38.12,-3.34,1
"849","Pyrus bourgaeana",38.21,-3.22,1
"851","Pyrus bourgaeana",38.03,-3.91,1
"852","Pyrus bourgaeana",37.93,-4.47,1
"854","Pyrus bourgaeana",37.46,-6.39,1
"855","Pyrus bourgaeana",37.11,-6.52,1
"856","Pyrus bourgaeana",36.47,-5.56,1
"857","Pyrus bourgaeana",36.57,-5.34,1
"858","Pyrus bourgaeana",38.12,-4.02,1
"859","Pyrus bourgaeana",38.21,-4.25,1
"863","Pyrus bourgaeana",38.03,-4.13,1
"865","Pyrus bourgaeana",39.09,-5.31,1
"866","Pyrus bourgaeana",37.11,-6.63,1
"867","Pyrus bourgaeana",39.45,-6.44,1
"870","Pyrus bourgaeana",39.62,-5.67,1
"872","Pyrus bourgaeana",40.17,-6.53,1
"873","Pyrus bourgaeana",40.08,-6.77,1
"874","Pyrus bourgaeana",40.25,-6.17,1
"875","Pyrus bourgaeana",40.16,-6.29,1
"876","Pyrus bourgaeana",40.17,-6.41,1
"877","Pyrus bourgaeana",40.08,-6.53,1
"880","Pyrus bourgaeana",39.8,-6.31,1
"881","Pyrus bourgaeana",39.8,-5.92,1
"882","Pyrus bourgaeana",39.71,-5.91,1
"883","Pyrus bourgaeana",39.8,-6.07,1
"885","Pyrus bourgaeana",38.3,-8.54,1
"889","Pyrus bourgaeana",36.94,-4.57,1
"890","Pyrus bourgaeana",38.21,-2.65,1
"891","Pyrus bourgaeana",39.45,-5.44,1
"892","Pyrus bourgaeana",39.27,-5.55,1
"894","Pyrus bourgaeana",39.36,-5.55,1
"896","Pyrus bourgaeana",38.3,-4.14,1
"898","Pyrus bourgaeana",37.48,-7.52,1
"900","Pyrus bourgaeana",37.82,-6.38,1
"901","Pyrus bourgaeana",37.57,-7.18,1
"902","Pyrus bourgaeana",37.75,-7.18,1
"904","Pyrus bourgaeana",37.39,-7.53,1
"906","Pyrus bourgaeana",39.98,-5.92,1
"911","Pyrus bourgaeana",38.2,-4.37,1
"919","Pyrus bourgaeana",37.56,-6.62,1
"921","Pyrus bourgaeana",40.09,-4.75,1
"926","Pyrus bourgaeana",38.3,-3.91,1
"928","Pyrus bourgaeana",38.39,-4.37,1
"930","Pyrus bourgaeana",36.28,-5.89,1
"931","Pyrus bourgaeana",37.92,-5.16,1
"932","Pyrus bourgaeana",36.57,-5.45,1
"940","Pyrus bourgaeana",39.63,-5.56,1
"945","Pyrus bourgaeana",41.51,-6.12,1
"946","Pyrus bourgaeana",41.51,-6.24,1
"949","Pyrus bourgaeana",39.8,-6.19,1
"950","Pyrus bourgaeana",38.21,-3.79,1
"954","Pyrus bourgaeana",38.3,-8.77,1
"955","Pyrus bourgaeana",37.22,-8.21,1
"958","Pyrus bourgaeana",38.48,-8.08,1
"960","Pyrus bourgaeana",37.48,-7.19,1
"961","Pyrus bourgaeana",37.83,-6.61,1
"963","Pyrus bourgaeana",37.83,-6.72,1
"964","Pyrus bourgaeana",39.57,-7.37,1
"965","Pyrus bourgaeana",38.950001,-6.01,1
"966","Pyrus bourgaeana",39.720001,-6.42,1
"967","Pyrus bourgaeana",41.939999,-6.53,1
"968","Pyrus bourgaeana",38.2487670247359,-4.5411863105412,1
"969","Pyrus bourgaeana",38.438772753011,-4.32118540718479,1
"970","Pyrus bourgaeana",39.4187835975879,-5.03121549113281,1
"971","Pyrus bourgaeana",39.1587908500826,-3.87118922005979,1
"972","Pyrus bourgaeana",39.3387881990712,-4.45120325669296,1
"973","Pyrus bourgaeana",40.7788259693752,-3.59121271952662,1
"974","Pyrus bourgaeana",40.2688100387383,-4.11121337319291,1
"975","Pyrus bourgaeana",40.5188161629272,-4.01121601368258,1
"976","Pyrus bourgaeana",39.4287936083618,-4.10119824592998,1
"978","Pyrus bourgaeana",38.5187730690275,-4.43118880241619,1
"979","Pyrus bourgaeana",38.4387739996263,-4.20118317002158,1
"980","Pyrus bourgaeana",38.4287714268628,-4.43118728613414,1
"981","Pyrus bourgaeana",38.5187706700767,-4.66119307488206,1
"982","Pyrus bourgaeana",38.698771457954,-4.90120058127723,1
"985","Pyrus bourgaeana",38.5287779297276,-3.9811805678058,1
"987","Pyrus bourgaeana",38.6187783398922,-4.10118433167697,1
"988","Pyrus bourgaeana",38.598778906262,-4.01118230837672,1
"989","Pyrus bourgaeana",38.6187781319507,-4.12118470601953,1
"993","Pyrus bourgaeana",38.3487711167775,-4.32118389762076,1
"996","Pyrus bourgaeana",38.6987751240993,-4.55119408675531,1
"1000","Pyrus bourgaeana",38.4387775232431,-3.86117680930727,1
"1003","Pyrus bourgaeana",38.6787852572135,-3.54117481295758,1
"1004","Pyrus bourgaeana",37.4487227192439,-7.44122531464959,1
"1005","Pyrus bourgaeana",37.4687230546752,-7.44122564717019,1
"1006","Pyrus bourgaeana",37.5287288130515,-6.99121870762888,1
"1007","Pyrus bourgaeana",37.8887391948141,-6.59121760253177,1
"1008","Pyrus bourgaeana",37.518727168588,-7.1312210176125,1
"1009","Pyrus bourgaeana",37.5787284998296,-7.10122148578226,1
"1010","Pyrus bourgaeana",37.9287405223193,-6.53121720118651,1
"1011","Pyrus bourgaeana",37.848741660547,-6.29121155582166,1
"1012","Pyrus bourgaeana",38.0087426557246,-6.46121729366348,1
"1013","Pyrus bourgaeana",37.5187234719883,-7.48122718239589,1
"1014","Pyrus bourgaeana",37.7887313399332,-7.17122623867427,1
"1015","Pyrus bourgaeana",37.5887283527084,-7.13122218280677,1
"1016","Pyrus bourgaeana",37.57872839431,-7.11122166259865,1
"1017","Pyrus bourgaeana",36.4487288390753,-5.27117055447535,1
"1018","Pyrus bourgaeana",39.4887816417053,-5.34122248185677,1
"1019","Pyrus bourgaeana",36.7087339732887,-5.1811730138427,1
"1020","Pyrus bourgaeana",39.3587777774968,-5.47122258339732,1
"1021","Pyrus bourgaeana",39.3487775875539,-5.47122240674881,1
"1022","Pyrus bourgaeana",39.3887789868672,-5.41122200559607,1
"1023","Pyrus bourgaeana",37.5387283499534,-7.05121993577546,1
"1024","Pyrus bourgaeana",39.6788208503558,-1.95116131246152,1
"1025","Pyrus bourgaeana",39.6788207474548,-1.96116150766628,1
"1026","Pyrus bourgaeana",39.6888210483647,-1.95116148482995,1
"1027","Pyrus bourgaeana",37.4087307798697,-6.61120997638024,1
"1029","Pyrus bourgaeana",37.5387333984442,-6.57121140992796,1
"1030","Pyrus bourgaeana",37.8087382323433,-6.55121554615052,1
"1031","Pyrus bourgaeana",37.4087306750757,-6.62121015437541,1
"1032","Pyrus bourgaeana",37.6187350756948,-6.54121220070822,1
"1033","Pyrus bourgaeana",37.5887345640096,-6.54121170298833,1
"1034","Pyrus bourgaeana",37.0587275494107,-6.36119980771623,1
"1036","Pyrus bourgaeana",38.3287600070278,-5.35120257697937,1
"1037","Pyrus bourgaeana",38.258769592459,-4.31118220768619,1
"1047","Pyrus bourgaeana",38.1687679725429,-4.31118070943361,1
"1049","Pyrus bourgaeana",38.4287677784506,-4.78119377626942,1
"1050","Pyrus bourgaeana",38.3387650009898,-4.89119429104536,1
"1051","Pyrus bourgaeana",38.4287701774509,-4.55118951525606,1
"1053","Pyrus bourgaeana",36.0687204683723,-5.50116878609961,1
"1054","Pyrus bourgaeana",39.6088200837422,-1.89115893691833,1
"1055","Pyrus bourgaeana",40.1388024363709,-4.58121992432015,1
"1056","Pyrus bourgaeana",40.5988166236802,-4.1212195797104,1
"1057","Pyrus bourgaeana",40.5088197826917,-3.65120893501,1
"1058","Pyrus bourgaeana",37.9587444165198,-6.21121196004362,1
"1060","Pyrus bourgaeana",37.728735275247,-6.70121688647786,1
"1061","Pyrus bourgaeana",37.6087351150559,-6.52121167763891,1
"1063","Pyrus bourgaeana",37.4187308435809,-6.62121031910513,1
"1068","Pyrus bourgaeana",37.5687342233956,-6.54121137151815,1
"1072","Pyrus bourgaeana",37.5787343936517,-6.54121153721896,1
"1074","Pyrus bourgaeana",39.9842,-6.1906,1
"1075","Pyrus bourgaeana",41.023325,-3.564992,1
"1076","Pyrus bourgaeana",38.975,-4.2942,1
"1077","Pyrus bourgaeana",39.57,-4.2586,1
"1078","Pyrus bourgaeana",39.5736,-3.8745,1
"1081","Pyrus bourgaeana",37.215158,-7.44112,1
"1083","Pyrus bourgaeana",37.406367,-7.534808,1
"1084","Pyrus bourgaeana",37.36508,-7.64377,1
"1086","Pyrus bourgaeana",38.756558,-8.133694,1
"1087","Pyrus bourgaeana",38.172299,-7.076518,1
"1088","Pyrus bourgaeana",37.153927,-7.842614,1
"1089","Pyrus bourgaeana",38.721771,-9.194623,1
"1090","Pyrus bourgaeana",37.21518,-7.441107,1
"1092","Pyrus bourgaeana",37.696587,-8.05322,1
"1093","Pyrus bourgaeana",37.216212,-7.438147,1
"1094","Pyrus bourgaeana",37.216228,-7.43822,1
"1096","Pyrus bourgaeana",38.295595,-8.183672,1
"1097","Pyrus bourgaeana",37.206944,-8.006667,1
"1099","Pyrus bourgaeana",37.040248,-7.971676,1
"1101","Pyrus bourgaeana",37.185052,-8.041623,1
"1103","Pyrus bourgaeana",37.80088,-7.35297,1
"1104","Pyrus bourgaeana",38.53227,-8.4837,1
"1105","Pyrus bourgaeana",38.44159,-8.36976,1
"1106","Pyrus bourgaeana",37.36009,-8.37892,1
"1107","Pyrus bourgaeana",38.26068,-8.25703,1
"1108","Pyrus bourgaeana",38.88635,-7.67407,1
"1109","Pyrus bourgaeana",37.53807,-8.03788,1
"1110","Pyrus bourgaeana",37.62819,-8.03672,1
"1112","Pyrus bourgaeana",37.26931,-8.26688,1
"1113","Pyrus bourgaeana",39.1642,-9.05788,1
"1114","Pyrus bourgaeana",40.4951,-6.81694,1
"1115","Pyrus bourgaeana",38.53024,-8.13953,1
"1116","Pyrus bourgaeana",39.96095,-7.18524,1
"1117","Pyrus bourgaeana",38.44092,-8.25518,1
"1118","Pyrus bourgaeana",38.79864,-7.90601,1
"1119","Pyrus bourgaeana",38.0695,-7.23297,1
"1120","Pyrus bourgaeana",37.45152,-8.71735,1
"1121","Pyrus bourgaeana",37.54133,-8.60381,1
"1122","Pyrus bourgaeana",38.80341,-8.71208,1
"1124","Pyrus bourgaeana",38.08211,-8.60091,1
"1125","Pyrus bourgaeana",38.17223,-8.60042,1
"1128","Pyrus bourgaeana",38.19,-7.53,1
"1129","Pyrus bourgaeana",38.2,-7.4,1
"1130","Pyrus bourgaeana",38.71046,-8.13738,1
"1138","Pyrus bourgaeana",38.15592,-7.00263,1
"1139","Pyrus bourgaeana",38.80204,-8.3666,1
"1140","Pyrus bourgaeana",38.80136,-8.25144,1
"1141","Pyrus bourgaeana",37.17982,-8.3804,1
"1145","Pyrus bourgaeana",38.71295,-9.40257,1
"1147","Pyrus bourgaeana",38.44327,-9.0573,1
"1151","Pyrus bourgaeana",37.138902,-7.908841,1
"1152","Pyrus bourgaeana",38.16557,-7.68724,1
"1155","Pyrus bourgaeana",37.53894,-8.15106,1
"1156","Pyrus bourgaeana",38.62238,-8.48306,1
"1157","Pyrus bourgaeana",41.22513,-7.38933,1
"1158","Pyrus bourgaeana",38.71125,-8.25238,1
"1159","Pyrus bourgaeana",38.35147,-8.37054,1
"1160","Pyrus bourgaeana",41.39527,-6.78708,1
"1161","Pyrus bourgaeana",41.21957,-7.03159,1
"1162","Pyrus bourgaeana",37.1811,-8.71836,1
"1163","Pyrus bourgaeana",41.57753,-6.90081,1
"1165","Pyrus bourgaeana",37.2677,-8.04133,1
"1166","Pyrus bourgaeana",37.35868,-8.15309,1
"1167","Pyrus bourgaeana",37.26995,-8.37966,1
"1168","Pyrus bourgaeana",37.35944,-8.266,1
"1169","Pyrus bourgaeana",37.26673,-7.92856,1
"1171","Pyrus bourgaeana",37.95,-7.26,1
"1172","Pyrus bourgaeana",38.25567,-7.68562,1
"1173","Pyrus bourgaeana",37.45119,-8.60429,1
"1174","Pyrus bourgaeana",37.27124,-8.71802,1
"1175","Pyrus bourgaeana",37.27146,-8.83081,1
"1176","Pyrus bourgaeana",38.53103,-8.25425,1
"1178","Pyrus bourgaeana",38.4426,-8.59893,1
"1181","Pyrus bourgaeana",38.16679,-7.80136,1
"1182","Pyrus bourgaeana",38.1628,-7.459,1
"1184","Pyrus bourgaeana",37.98404,-7.57661,1
"1185","Pyrus bourgaeana",38.53272,-8.59843,1
"1189","Pyrus bourgaeana",39.06366,-7.4396,1
"1191","Pyrus bourgaeana",38.62283,-8.59793,1
"1192","Pyrus bourgaeana",38.35002,-8.14167,1
"1194","Pyrus bourgaeana",37.36063,-8.49184,1
"1195","Pyrus bourgaeana",37.98536,-7.69045,1
"1196","Pyrus bourgaeana",37.89943,-8.14693,1
"1197","Pyrus bourgaeana",38.1783,-7.0589,1
"1198","Pyrus bourgaeana",37.26318,-7.59029,1
"1199","Pyrus bourgaeana",37.17553,-7.81721,1
"1201","Pyrus bourgaeana",37.27092,-8.60523,1
"1203","Pyrus bourgaeana",38.52934,-8.02482,1
"1204","Pyrus bourgaeana",38.15958,-7.2308,1
"1205","Pyrus bourgaeana",38.25,-7.78,1
"1206","Pyrus bourgaeana",38.71,-7.56,1
"1207","Pyrus bourgaeana",38.7125,-9.51759,1
"1209","Pyrus bourgaeana",37.68,-7.49,1
"1210","Pyrus bourgaeana",41.04148,-7.15588,1
"1211","Pyrus bourgaeana",37.6072,-7.5744,1
"1212","Pyrus bourgaeana",38.43151,-7.33874,1
"1218","Pyrus bourgaeana",38.15781,-7.11671,1
"1219","Pyrus bourgaeana",37.17757,-8.04247,1
"1220","Pyrus bourgaeana",37.35782,-8.04018,1
"1223","Pyrus bourgaeana",37.1766,-7.92983,1
"1225","Pyrus bourgaeana",37.17435,-7.70458,1
"1227","Pyrus bourgaeana",37.17168,-7.47936,1
"1229","Pyrus bourgaeana",37.293396,-7.546062,1
"1231","Pyrus bourgaeana",37.26179,-7.47755,1
"1237","Pyrus bourgaeana",37.09117,-8.83121,1
"1238","Pyrus bourgaeana",38.34142,-7.3408,1
"1240","Pyrus bourgaeana",37.29,-8.56,1
"1242","Pyrus bourgaeana",37.28694,-8.57264,1
"1244","Pyrus bourgaeana",37.98261,-7.46278,1
"1248","Pyrus bourgaeana",38.49014,-7.38264,1
"1249","Pyrus bourgaeana",38.57633,-8.77175,1
"1250","Pyrus bourgaeana",38.58,-8.77,1
"1251","Pyrus bourgaeana",37.15748,-7.54659,1
"1252","Pyrus bourgaeana",37.02371,-7.81688,1
"1253","Pyrus bourgaeana",37.13683,-7.72498,1
"1254","Pyrus bourgaeana",37.94633,-7.29941,1
"1255","Pyrus bourgaeana",37.03688,-7.81506,1
"1256","Pyrus bourgaeana",37.19904,-7.98807,1
"1257","Pyrus bourgaeana",38.74032,-7.23975,1
"1258","Pyrus bourgaeana",37.33394,-7.48705,1
"1259","Pyrus bourgaeana",37.15776,-7.7668,1
"1260","Pyrus bourgaeana",37.18432,-7.48392,1
"1261","Pyrus bourgaeana",38.01761,-8.69388,1
"1262","Pyrus bourgaeana",37.24118,-8.0445,1
"1263","Pyrus bourgaeana",38.98462,-7.42093,1
"1264","Pyrus bourgaeana",38.94846,-8.15706,1
"1265","Pyrus bourgaeana",37.06012,-7.82083,1
"1266","Pyrus bourgaeana",38.77665,-9.26433,1
"1267","Pyrus bourgaeana",40.02569,-7.24189,1
"1268","Pyrus bourgaeana",40.20175,-7.37481,1
"1270","Pyrus bourgaeana",40.11941,-7.2397,1
"1271","Pyrus bourgaeana",37.44064,-7.91844,1
"1272","Pyrus bourgaeana",38.42094,-9.21641,1
"1273","Pyrus bourgaeana",39.36349,-9.21095,1
"1274","Pyrus bourgaeana",37.54891,-8.03449,1
"1275","Pyrus bourgaeana",38.14794,-8.54585,1
"1276","Pyrus bourgaeana",38.7332,-9.40981,1
"1278","Pyrus bourgaeana",39.20819,-7.79866,1
"1280","Pyrus bourgaeana",37.14521,-8.48577,1
"1281","Pyrus bourgaeana",38.71413,-9.37261,1
"1282","Pyrus bourgaeana",37.31094,-8.58914,1
"1283","Pyrus bourgaeana",40.16204,-7.55965,1
"1284","Pyrus bourgaeana",37.3646,-7.96306,1
"1285","Pyrus bourgaeana",40.52354,-6.83264,1
"1286","Pyrus bourgaeana",40.16298,-7.22797,1
"1289","Pyrus bourgaeana",38.93742,-8.87083,1
"1290","Pyrus bourgaeana",38.95973,-8.52484,1
"1291","Pyrus bourgaeana",39.586,-8.05697,1
"1292","Pyrus bourgaeana",39.85066,-7.68614,1
"1294","Pyrus bourgaeana",38.88965,-9.207,1
"1295","Pyrus bourgaeana",40.13173,-7.43867,1
"1297","Pyrus bourgaeana",38.32483,-7.60514,1
"1298","Pyrus bourgaeana",39.03674,-8.93474,1
"1300","Pyrus bourgaeana",37.1,-8,1
"1301","Pyrus bourgaeana",38.9,-8.2,1
"1302","Pyrus bourgaeana",38.7,-7.3,1
"1303","Pyrus bourgaeana",37.2587191315627,-7.48122287062364,1
"1304","Pyrus bourgaeana",37.348720626208,-7.48122435789778,1
"1305","Pyrus bourgaeana",38.5287277139108,-8.71126594439418,1
"1306","Pyrus bourgaeana",41.7687972333432,-8.10131611569026,1
"1308","Pyrus bourgaeana",38.3487270367547,-8.48125880081068,1
"1310","Pyrus bourgaeana",38.4387273192953,-8.60126245687235,1
"1314","Pyrus bourgaeana",38.2587229807079,-8.71126122365508,1
"1315","Pyrus bourgaeana",39.69078,-7.19234,1
"1317","Pyrus bourgaeana",38.618734295858,-8.25125951403693,1
"1318","Pyrus bourgaeana",38.6187379693734,-7.91125354751518,1
"1319","Pyrus bourgaeana",38.5287363638856,-7.91125197300549,1
"1320","Pyrus bourgaeana",38.4387334747365,-8.031252510966,1
"1322","Pyrus bourgaeana",38.5287338832604,-8.14125600981368,1
"1324","Pyrus bourgaeana",38.4387322892443,-8.14125443807218,1
"1329","Pyrus bourgaeana",38.7087383943529,-8.02125706379569,1
"1332","Pyrus bourgaeana",37.3587089152821,-8.60124398001239,1
